{"schemaVersion":"1.0","appDefinitionTemplate":{"id":"/providers/Microsoft.PowerApps/apps/","type":"Microsoft.PowerApps/apps","tags":{"primaryDeviceWidth":"640","primaryDeviceHeight":"1136","supportsPortrait":"true","supportsLandscape":"true","primaryFormFactor":"Phone","showStatusBar":"false","publisherVersion":"3.24052.29","minimumRequiredApiVersion":"2.2.0","hasComponent":"false","hasUnlockedComponent":"false","isUnifiedRootApp":"false","sienaVersion":"20240611T083920Z-3.24052.29.0"},"properties":{"appVersion":"2024-06-11T08:39:20Z","lifeCycleId":"Published","createdByClientVersion":{"major":3,"minor":24052,"build":29,"revision":0,"majorRevision":0,"minorRevision":0},"minClientVersion":{"major":3,"minor":24052,"build":29,"revision":0,"majorRevision":0,"minorRevision":0},"backgroundColor":"RGBA(0,176,240,1)","backgroundImageUri":"/7757408736266850679/Nea4da892-a9e7-48c8-9e81-b4e764e11ff4-Nc310e234-4d95-4f9b-a7b3-a7d60f76fb98-logoSmallFile","displayName":"proyectoBiblioteca","description":"","commitMessage":"","appUris":{"documentUri":{"value":"/7757408736266850679/Nbc0f4d0b-ee7c-4668-af76-3a267183431e-N5c3cde49-b734-44f2-b482-74bc0858f8a1-document.msapp"},"imageUris":[],"additionalUris":[]},"createdTime":"0001-01-01T00:00:00Z","lastModifiedTime":"0001-01-01T00:00:00Z","sharedGroupsCount":0,"sharedUsersCount":0,"connectionReferences":{"5eb1939e-27ce-49b9-bcbb-7bd11cb669a9":{"id":"0f832454-6ace-4b4c-9c00-dff6b114724e","displayName":"Excel","iconUri":"https://connectoricons-prod.azureedge.net/releases/v1.0.1694/1.0.1694.3752/excel/icon.png","dataSources":["Tabla1","Tabla2","Tabla3","Tabla4","Tabla5","Tabla6","Tabla7"],"dependencies":["230d6762-ce37-46c7-bf7b-113e9b2d542d"],"dependents":[],"parameterHints":{"230d6762-ce37-46c7-bf7b-113e9b2d542d":{"value":"fileSource"}},"parameterHintsV2":{"fileSource":{"value":"230d6762-ce37-46c7-bf7b-113e9b2d542d"}},"isOnPremiseConnection":false,"dataSets":{"b!C7BAfzGl00OWXzIVwchUXpGvI9DM7NZBujXWdDOrkvbS12AZaeO4RIkM1nHtbHGV.01J4BQJWIXY4XFRUOG2JH3EV6RB2CXSOD4":{"dataSources":{"Tabla1":{"tableName":"Tabla1"},"Tabla2":{"tableName":"Tabla2"},"Tabla3":{"tableName":"Tabla3"},"Tabla4":{"tableName":"Tabla4"},"Tabla5":{"tableName":"Tabla5"},"Tabla6":{"tableName":"Tabla6"},"Tabla7":{"tableName":"Tabla7"}}}},"apiTier":"Standard","isCustomApiConnection":false,"actions":["providers/PowerPlatform.Governance/Operations/Read","providers/PowerPlatform.Governance/Operations/Write","providers/PowerPlatform.Governance/Operations/Delete"]},"230d6762-ce37-46c7-bf7b-113e9b2d542d":{"id":"7049c48b-8b46-4652-b197-b8deb38860e2","displayName":"OneDrive para la Empresa","iconUri":"https://connectoricons-prod.azureedge.net/releases/v1.0.1689/1.0.1689.3722/onedriveforbusiness/icon.png","dataSources":[],"dependencies":[],"dependents":["5eb1939e-27ce-49b9-bcbb-7bd11cb669a9"],"parameterHints":{},"parameterHintsV2":{},"isOnPremiseConnection":false,"dataSets":{},"apiTier":"Standard","isCustomApiConnection":false}},"databaseReferences":{},"almMode":"Environment","performanceOptimizationEnabled":true,"canConsumeAppPass":true,"enableModernRuntimeMode":false,"executionRestrictions":{"isTeamsOnly":false,"dataLossPreventionEvaluationResult":{"status":"Compliant","lastEvaluationDate":"2024-06-05T09:01:20.1431442Z","violations":[],"violationsByPolicy":[],"violationErrorMessage":"La aplicación usa los siguientes conectores: shared_excel, shared_onedriveforbusiness."}}},"appType":"ClassicCanvasApp","appComponents":[]}}